id,first_name,last_name,email,gender,ip_address
1,Brennan,Blesli,bblesli0@theatlantic.com,Non-binary,94.202.160.87
2,Abraham,Engel,aengel1@techcrunch.com,Agender,106.178.90.215
3,Skipp,Dawtrey,sdawtrey2@scientificamerican.com,Female,96.142.23.72
4,Cynde,Vivyan,cvivyan3@quantcast.com,Agender,204.13.116.129
5,Johnnie,Ragbourne,jragbourne4@yale.edu,Agender,143.90.146.248
6,Thorny,Conroy,tconroy5@examiner.com,Male,86.203.62.141
7,Franni,Perroni,fperroni6@nhs.uk,Genderqueer,128.243.103.50
8,Layla,Menco,lmenco7@bbb.org,Genderqueer,66.106.194.116
9,Zachary,Sleightholm,zsleightholm8@bloglovin.com,Male,207.69.5.19
10,Stephanie,Yankov,syankov9@theguardian.com,Non-binary,169.163.50.147